lncRNA,miRNA,gene,immune_cell,algo,algo_num,cancer
AC092368.3,MIR125B1,ADRM1,B.cell,TIMER,1,BLCA
AC092368.3,MIR125B1,ADRM1,Neutrophil,TIMER,1,BLCA
AC092368.3,MIR125B1,ADRM1,Myeloid.dendritic.cell,TIMER; MCPCOUNTER,2,BLCA
AC092368.3,MIR125B1,ADRM1,Endothelial.cell,MCPCOUNTER; XCELL,2,BLCA
AC092368.3,MIR125B1,HDGF,T.cell.CD8.,TIMER,1,BLCA
AC092368.3,MIR125B1,HDGF,Neutrophil,TIMER,1,BLCA
AC092368.3,MIR125B1,HDGF,Macrophage,TIMER,1,BLCA
AC092368.3,MIR125B1,HDGF,Myeloid.dendritic.cell,TIMER,1,BLCA
AC092368.3,MIR125B1,HDGF,T.cell.regulatory..Tregs.,QUANTISEQ,1,BLCA
AC092368.3,MIR125B1,HDGF,Endothelial.cell,MCPCOUNTER; XCELL,2,BLCA
AC092368.3,MIR125B1,TOR2A,B.cell,TIMER,1,BLCA
AC092368.3,MIR125B1,TOR2A,Macrophage,TIMER,1,BLCA
AC092368.3,MIR125B1,TOR2A,Myeloid.dendritic.cell,TIMER,1,BLCA
AC092368.3,MIR125B1,TOR2A,Endothelial.cell,MCPCOUNTER; XCELL,2,BLCA
AC100861.1,MIR425,HDGF,Myeloid.dendritic.cell,QUANTISEQ,1,BLCA
AC100861.1,MIR425,HDGF,Eosinophil,XCELL,1,BLCA
AC100861.1,MIR425,HDGF,Macrophage,EPIC,1,BLCA
AC100861.1,MIR425,MICA,Myeloid.dendritic.cell,QUANTISEQ,1,BLCA
AC100861.1,MIR425,MICA,Cancer.associated.fibroblast,MCPCOUNTER; EPIC,2,BLCA
AC100861.1,MIR425,MICA,Eosinophil,XCELL,1,BLCA
AC100861.1,MIR425,MICA,Monocyte,XCELL,1,BLCA
AC100861.1,MIR425,MICA,T.cell.CD8.,EPIC,1,BLCA
AC100861.1,MIR425,MICA,Macrophage,EPIC,1,BLCA
AC100861.1,MIR425,RAC1,Myeloid.dendritic.cell,QUANTISEQ,1,BLCA
AC100861.1,MIR425,RAC1,Eosinophil,XCELL,1,BLCA
AC129507.1,MIR210,BTK,T.cell.CD8.,TIMER; CIBERSORT.ABS; QUANTISEQ; MCPCOUNTER,4,BLCA
AC129507.1,MIR210,BTK,Neutrophil,TIMER,1,BLCA
AC129507.1,MIR210,BTK,Macrophage,TIMER; XCELL; EPIC,3,BLCA
AC129507.1,MIR210,BTK,Myeloid.dendritic.cell,TIMER; MCPCOUNTER; XCELL,3,BLCA
AC129507.1,MIR210,BTK,Monocyte,CIBERSORT.ABS; MCPCOUNTER; XCELL,3,BLCA
AC129507.1,MIR210,BTK,B.cell,QUANTISEQ; MCPCOUNTER; XCELL; EPIC,4,BLCA
AC129507.1,MIR210,BTK,T.cell.regulatory..Tregs.,QUANTISEQ,1,BLCA
AC129507.1,MIR210,BTK,cytotoxicity.score,MCPCOUNTER,1,BLCA
AC129507.1,MIR210,BTK,NK.cell,MCPCOUNTER; EPIC,2,BLCA
AC129507.1,MIR210,BTK,Endothelial.cell,MCPCOUNTER; XCELL; EPIC,3,BLCA
AC129507.1,MIR210,BTK,Cancer.associated.fibroblast,MCPCOUNTER; XCELL; EPIC,3,BLCA
AC129507.1,MIR210,BTK,immune.score,XCELL,1,BLCA
AC129507.1,MIR210,BTK,stroma.score,XCELL,1,BLCA
AC129507.1,MIR210,BTK,microenvironment.score,XCELL,1,BLCA
AC129507.1,MIR210,BTK,T.cell.CD4.,EPIC,1,BLCA
AL365181.2,MIR145,VEGFA,T.cell.CD4.,TIMER,1,BLCA
AL365181.2,MIR145,VEGFA,T.cell.CD8.,TIMER; CIBERSORT.ABS; QUANTISEQ; MCPCOUNTER,4,BLCA
AL365181.2,MIR145,VEGFA,Neutrophil,TIMER,1,BLCA
AL365181.2,MIR145,VEGFA,Macrophage,TIMER; XCELL; EPIC,3,BLCA
AL365181.2,MIR145,VEGFA,Myeloid.dendritic.cell,TIMER; MCPCOUNTER; XCELL,3,BLCA
AL365181.2,MIR145,VEGFA,B.cell,QUANTISEQ; MCPCOUNTER; XCELL; EPIC,4,BLCA
AL365181.2,MIR145,VEGFA,T.cell.regulatory..Tregs.,QUANTISEQ,1,BLCA
AL365181.2,MIR145,VEGFA,NK.cell,MCPCOUNTER; EPIC,2,BLCA
AL365181.2,MIR145,VEGFA,Monocyte,MCPCOUNTER; XCELL,2,BLCA
AL365181.2,MIR145,VEGFA,Cancer.associated.fibroblast,MCPCOUNTER; XCELL; EPIC,3,BLCA
AL365181.2,MIR145,VEGFA,Endothelial.cell,XCELL,1,BLCA
AL365181.2,MIR145,VEGFA,immune.score,XCELL,1,BLCA
AL365181.2,MIR145,VEGFA,stroma.score,XCELL,1,BLCA
AL365181.2,MIR145,VEGFA,microenvironment.score,XCELL,1,BLCA
AL390955.2,MIR141,HMGB1,T.cell.CD8.,TIMER,1,BLCA
AL390955.2,MIR141,HMGB1,Macrophage,TIMER,1,BLCA
AL390955.2,MIR141,HMGB1,T.cell.regulatory..Tregs.,CIBERSORT,1,BLCA
AL390955.2,MIR141,HMGB1,Cancer.associated.fibroblast,XCELL,1,BLCA
AL390955.2,MIR141,HMGB1,Monocyte,XCELL,1,BLCA
AL390955.2,MIR141,HMGB1,stroma.score,XCELL,1,BLCA
AL390955.2,MIR141,HMGB1,microenvironment.score,XCELL,1,BLCA
AL390955.2,MIR141,ICAM1,T.cell.CD8.,TIMER,1,BLCA
AL390955.2,MIR141,ICAM1,Neutrophil,TIMER,1,BLCA
AL390955.2,MIR141,ICAM1,Macrophage,TIMER; XCELL; EPIC,3,BLCA
AL390955.2,MIR141,ICAM1,Myeloid.dendritic.cell,TIMER; MCPCOUNTER,2,BLCA
AL390955.2,MIR141,ICAM1,T.cell.regulatory..Tregs.,CIBERSORT; QUANTISEQ,2,BLCA
AL390955.2,MIR141,ICAM1,Monocyte,MCPCOUNTER; XCELL,2,BLCA
AL390955.2,MIR141,ICAM1,Cancer.associated.fibroblast,MCPCOUNTER; XCELL; EPIC,3,BLCA
AL390955.2,MIR141,ICAM1,stroma.score,XCELL,1,BLCA
AL390955.2,MIR141,ICAM1,microenvironment.score,XCELL,1,BLCA
AL390955.2,MIR141,MICB,T.cell.CD8.,TIMER,1,BLCA
AL390955.2,MIR141,MICB,Neutrophil,TIMER,1,BLCA
AL390955.2,MIR141,MICB,Macrophage,TIMER; XCELL; EPIC,3,BLCA
AL390955.2,MIR141,MICB,Myeloid.dendritic.cell,TIMER; MCPCOUNTER,2,BLCA
AL390955.2,MIR141,MICB,T.cell.regulatory..Tregs.,QUANTISEQ,1,BLCA
AL390955.2,MIR141,MICB,Monocyte,MCPCOUNTER; XCELL,2,BLCA
AL390955.2,MIR141,MICB,Cancer.associated.fibroblast,MCPCOUNTER; EPIC,2,BLCA
AL390955.2,MIR141,MICB,stroma.score,XCELL,1,BLCA
AL390955.2,MIR141,MICB,microenvironment.score,XCELL,1,BLCA
AL390955.2,MIR141,PSMC2,T.cell.CD8.,TIMER,1,BLCA
AL390955.2,MIR141,PSMC2,Neutrophil,TIMER,1,BLCA
AL390955.2,MIR141,PSMC2,Macrophage,TIMER; XCELL; EPIC,3,BLCA
AL390955.2,MIR141,PSMC2,Myeloid.dendritic.cell,TIMER,1,BLCA
AL390955.2,MIR141,PSMC2,T.cell.regulatory..Tregs.,CIBERSORT,1,BLCA
AL390955.2,MIR141,PSMC2,Monocyte,MCPCOUNTER,1,BLCA
AL390955.2,MIR141,PSMC2,stroma.score,XCELL,1,BLCA
AL390955.2,MIR141,SHC1,T.cell.CD8.,TIMER,1,BLCA
AL390955.2,MIR141,SHC1,Neutrophil,TIMER,1,BLCA
AL390955.2,MIR141,SHC1,Macrophage,TIMER; XCELL; EPIC,3,BLCA
AL390955.2,MIR141,SHC1,Myeloid.dendritic.cell,TIMER; MCPCOUNTER,2,BLCA
AL390955.2,MIR141,SHC1,T.cell.regulatory..Tregs.,CIBERSORT; QUANTISEQ,2,BLCA
AL390955.2,MIR141,SHC1,Monocyte,MCPCOUNTER; XCELL,2,BLCA
AL390955.2,MIR141,SHC1,Cancer.associated.fibroblast,MCPCOUNTER; EPIC,2,BLCA
AL390955.2,MIR141,TNFAIP3,T.cell.CD8.,TIMER,1,BLCA
AL390955.2,MIR141,TNFAIP3,Neutrophil,TIMER,1,BLCA
AL390955.2,MIR141,TNFAIP3,Macrophage,TIMER; XCELL; EPIC,3,BLCA
AL390955.2,MIR141,TNFAIP3,Myeloid.dendritic.cell,TIMER; MCPCOUNTER,2,BLCA
AL390955.2,MIR141,TNFAIP3,T.cell.regulatory..Tregs.,CIBERSORT; QUANTISEQ,2,BLCA
AL390955.2,MIR141,TNFAIP3,Monocyte,MCPCOUNTER; XCELL,2,BLCA
AL390955.2,MIR141,TNFAIP3,Cancer.associated.fibroblast,MCPCOUNTER; XCELL; EPIC,3,BLCA
AL390955.2,MIR141,TNFAIP3,stroma.score,XCELL,1,BLCA
AL390955.2,MIR141,TNFAIP3,microenvironment.score,XCELL,1,BLCA
INHBA-AS1,MIR141,HDGF,T.cell.CD8.,TIMER; QUANTISEQ,2,BLCA
INHBA-AS1,MIR141,HDGF,Neutrophil,TIMER; CIBERSORT; CIBERSORT.ABS,3,BLCA
INHBA-AS1,MIR141,HDGF,Macrophage,TIMER; XCELL; EPIC,3,BLCA
INHBA-AS1,MIR141,HDGF,Myeloid.dendritic.cell,TIMER,1,BLCA
INHBA-AS1,MIR141,HDGF,T.cell.regulatory..Tregs.,CIBERSORT; QUANTISEQ,2,BLCA
INHBA-AS1,MIR141,HDGF,cytotoxicity.score,MCPCOUNTER,1,BLCA
INHBA-AS1,MIR141,HDGF,NK.cell,MCPCOUNTER; EPIC,2,BLCA
INHBA-AS1,MIR141,HDGF,Monocyte,MCPCOUNTER,1,BLCA
INHBA-AS1,MIR141,HDGF,Cancer.associated.fibroblast,XCELL,1,BLCA
INHBA-AS1,MIR141,HDGF,stroma.score,XCELL,1,BLCA
INHBA-AS1,MIR141,HDGF,T.cell.CD4.,EPIC,1,BLCA
INHBA-AS1,MIR141,ICAM1,T.cell.CD8.,TIMER; QUANTISEQ,2,BLCA
INHBA-AS1,MIR141,ICAM1,Neutrophil,TIMER; CIBERSORT; CIBERSORT.ABS,3,BLCA
INHBA-AS1,MIR141,ICAM1,Macrophage,TIMER; XCELL; EPIC,3,BLCA
INHBA-AS1,MIR141,ICAM1,Myeloid.dendritic.cell,TIMER; MCPCOUNTER; XCELL,3,BLCA
INHBA-AS1,MIR141,ICAM1,T.cell.regulatory..Tregs.,CIBERSORT; QUANTISEQ,2,BLCA
INHBA-AS1,MIR141,ICAM1,cytotoxicity.score,MCPCOUNTER,1,BLCA
INHBA-AS1,MIR141,ICAM1,NK.cell,MCPCOUNTER; EPIC,2,BLCA
INHBA-AS1,MIR141,ICAM1,Monocyte,MCPCOUNTER; XCELL,2,BLCA
INHBA-AS1,MIR141,ICAM1,Cancer.associated.fibroblast,MCPCOUNTER; XCELL; EPIC,3,BLCA
INHBA-AS1,MIR141,ICAM1,immune.score,XCELL,1,BLCA
INHBA-AS1,MIR141,ICAM1,stroma.score,XCELL,1,BLCA
INHBA-AS1,MIR141,ICAM1,microenvironment.score,XCELL,1,BLCA
INHBA-AS1,MIR141,ICAM1,T.cell.CD4.,EPIC,1,BLCA
INHBA-AS1,MIR141,MICB,T.cell.CD8.,TIMER; QUANTISEQ,2,BLCA
INHBA-AS1,MIR141,MICB,Neutrophil,TIMER; CIBERSORT.ABS,2,BLCA
INHBA-AS1,MIR141,MICB,Macrophage,TIMER; XCELL; EPIC,3,BLCA
INHBA-AS1,MIR141,MICB,Myeloid.dendritic.cell,TIMER; MCPCOUNTER; XCELL,3,BLCA
INHBA-AS1,MIR141,MICB,T.cell.regulatory..Tregs.,QUANTISEQ,1,BLCA
INHBA-AS1,MIR141,MICB,cytotoxicity.score,MCPCOUNTER,1,BLCA
INHBA-AS1,MIR141,MICB,NK.cell,MCPCOUNTER; EPIC,2,BLCA
INHBA-AS1,MIR141,MICB,Monocyte,MCPCOUNTER; XCELL,2,BLCA
INHBA-AS1,MIR141,MICB,Cancer.associated.fibroblast,MCPCOUNTER; EPIC,2,BLCA
INHBA-AS1,MIR141,MICB,immune.score,XCELL,1,BLCA
INHBA-AS1,MIR141,MICB,stroma.score,XCELL,1,BLCA
INHBA-AS1,MIR141,MICB,microenvironment.score,XCELL,1,BLCA
INHBA-AS1,MIR141,MICB,T.cell.CD4.,EPIC,1,BLCA
INHBA-AS1,MIR141,PSMC2,T.cell.CD8.,TIMER; QUANTISEQ,2,BLCA
INHBA-AS1,MIR141,PSMC2,Neutrophil,TIMER; CIBERSORT.ABS,2,BLCA
INHBA-AS1,MIR141,PSMC2,Macrophage,TIMER; XCELL; EPIC,3,BLCA
INHBA-AS1,MIR141,PSMC2,Myeloid.dendritic.cell,TIMER,1,BLCA
INHBA-AS1,MIR141,PSMC2,T.cell.regulatory..Tregs.,CIBERSORT,1,BLCA
INHBA-AS1,MIR141,PSMC2,cytotoxicity.score,MCPCOUNTER,1,BLCA
INHBA-AS1,MIR141,PSMC2,NK.cell,MCPCOUNTER; EPIC,2,BLCA
INHBA-AS1,MIR141,PSMC2,Monocyte,MCPCOUNTER,1,BLCA
INHBA-AS1,MIR141,PSMC2,stroma.score,XCELL,1,BLCA
INHBA-AS1,MIR141,PSMC2,T.cell.CD4.,EPIC,1,BLCA
INHBA-AS1,MIR141,SHC1,T.cell.CD8.,TIMER,1,BLCA
INHBA-AS1,MIR141,SHC1,Neutrophil,TIMER; CIBERSORT; CIBERSORT.ABS,3,BLCA
INHBA-AS1,MIR141,SHC1,Macrophage,TIMER; XCELL; EPIC,3,BLCA
INHBA-AS1,MIR141,SHC1,Myeloid.dendritic.cell,TIMER; MCPCOUNTER,2,BLCA
INHBA-AS1,MIR141,SHC1,T.cell.regulatory..Tregs.,CIBERSORT; QUANTISEQ,2,BLCA
INHBA-AS1,MIR141,SHC1,cytotoxicity.score,MCPCOUNTER,1,BLCA
INHBA-AS1,MIR141,SHC1,NK.cell,MCPCOUNTER,1,BLCA
INHBA-AS1,MIR141,SHC1,Monocyte,MCPCOUNTER; XCELL,2,BLCA
INHBA-AS1,MIR141,SHC1,Cancer.associated.fibroblast,MCPCOUNTER; EPIC,2,BLCA
INHBA-AS1,MIR141,TNFAIP3,T.cell.CD8.,TIMER; QUANTISEQ,2,BLCA
INHBA-AS1,MIR141,TNFAIP3,Neutrophil,TIMER; CIBERSORT; CIBERSORT.ABS,3,BLCA
INHBA-AS1,MIR141,TNFAIP3,Macrophage,TIMER; XCELL; EPIC,3,BLCA
INHBA-AS1,MIR141,TNFAIP3,Myeloid.dendritic.cell,TIMER; MCPCOUNTER; XCELL,3,BLCA
INHBA-AS1,MIR141,TNFAIP3,T.cell.regulatory..Tregs.,CIBERSORT; QUANTISEQ,2,BLCA
INHBA-AS1,MIR141,TNFAIP3,cytotoxicity.score,MCPCOUNTER,1,BLCA
INHBA-AS1,MIR141,TNFAIP3,NK.cell,MCPCOUNTER; EPIC,2,BLCA
INHBA-AS1,MIR141,TNFAIP3,Monocyte,MCPCOUNTER; XCELL,2,BLCA
INHBA-AS1,MIR141,TNFAIP3,Cancer.associated.fibroblast,MCPCOUNTER; XCELL; EPIC,3,BLCA
INHBA-AS1,MIR141,TNFAIP3,immune.score,XCELL,1,BLCA
INHBA-AS1,MIR141,TNFAIP3,stroma.score,XCELL,1,BLCA
INHBA-AS1,MIR141,TNFAIP3,microenvironment.score,XCELL,1,BLCA
LINC00460,MIR149,BIRC5,T.cell.CD8.,TIMER; QUANTISEQ; MCPCOUNTER; EPIC,4,BLCA
LINC00460,MIR149,BIRC5,Neutrophil,TIMER,1,BLCA
LINC00460,MIR149,BIRC5,Macrophage,TIMER; XCELL; EPIC,3,BLCA
LINC00460,MIR149,BIRC5,Myeloid.dendritic.cell,TIMER; MCPCOUNTER,2,BLCA
LINC00460,MIR149,BIRC5,T.cell.regulatory..Tregs.,CIBERSORT,1,BLCA
LINC00460,MIR149,BIRC5,cytotoxicity.score,MCPCOUNTER,1,BLCA
LINC00460,MIR149,BIRC5,NK.cell,MCPCOUNTER; EPIC,2,BLCA
LINC00460,MIR149,BIRC5,Monocyte,MCPCOUNTER,1,BLCA
LINC00460,MIR149,BIRC5,Eosinophil,XCELL,1,BLCA
LINC00460,MIR149,BIRC5,microenvironment.score,XCELL,1,BLCA
LINC00460,MIR149,BIRC5,T.cell.CD4.,EPIC,1,BLCA
LINC00460,MIR149,BIRC5,Endothelial.cell,EPIC,1,BLCA
LINC00460,MIR149,CD3D,T.cell.CD8.,TIMER; QUANTISEQ; MCPCOUNTER,3,BLCA
LINC00460,MIR149,CD3D,Neutrophil,TIMER,1,BLCA
LINC00460,MIR149,CD3D,Macrophage,TIMER; XCELL; EPIC,3,BLCA
LINC00460,MIR149,CD3D,Myeloid.dendritic.cell,TIMER; QUANTISEQ; MCPCOUNTER; XCELL,4,BLCA
LINC00460,MIR149,CD3D,cytotoxicity.score,MCPCOUNTER,1,BLCA
LINC00460,MIR149,CD3D,NK.cell,MCPCOUNTER; EPIC,2,BLCA
LINC00460,MIR149,CD3D,Monocyte,MCPCOUNTER; XCELL,2,BLCA
LINC00460,MIR149,CD3D,Cancer.associated.fibroblast,MCPCOUNTER; EPIC,2,BLCA
LINC00460,MIR149,CD3D,Eosinophil,XCELL,1,BLCA
LINC00460,MIR149,CD3D,immune.score,XCELL,1,BLCA
LINC00460,MIR149,CD3D,microenvironment.score,XCELL,1,BLCA
LINC00460,MIR149,CD3D,Endothelial.cell,EPIC,1,BLCA
LINC00460,MIR149,FASLG,T.cell.CD8.,TIMER; QUANTISEQ; MCPCOUNTER,3,BLCA
LINC00460,MIR149,FASLG,Neutrophil,TIMER,1,BLCA
LINC00460,MIR149,FASLG,Macrophage,TIMER; XCELL; EPIC,3,BLCA
LINC00460,MIR149,FASLG,Myeloid.dendritic.cell,TIMER; QUANTISEQ; MCPCOUNTER; XCELL,4,BLCA
LINC00460,MIR149,FASLG,T.cell.regulatory..Tregs.,CIBERSORT,1,BLCA
LINC00460,MIR149,FASLG,cytotoxicity.score,MCPCOUNTER,1,BLCA
LINC00460,MIR149,FASLG,NK.cell,MCPCOUNTER; EPIC,2,BLCA
LINC00460,MIR149,FASLG,Monocyte,MCPCOUNTER; XCELL,2,BLCA
LINC00460,MIR149,FASLG,Cancer.associated.fibroblast,MCPCOUNTER; EPIC,2,BLCA
LINC00460,MIR149,FASLG,Eosinophil,XCELL,1,BLCA
LINC00460,MIR149,FASLG,immune.score,XCELL,1,BLCA
LINC00460,MIR149,FASLG,microenvironment.score,XCELL,1,BLCA
LINC00460,MIR149,FASLG,T.cell.CD4.,EPIC,1,BLCA
LINC00460,MIR149,HLA-A,T.cell.CD8.,TIMER; QUANTISEQ; MCPCOUNTER; EPIC,4,BLCA
LINC00460,MIR149,HLA-A,Neutrophil,TIMER,1,BLCA
LINC00460,MIR149,HLA-A,Myeloid.dendritic.cell,TIMER; QUANTISEQ; MCPCOUNTER; XCELL,4,BLCA
LINC00460,MIR149,HLA-A,T.cell.regulatory..Tregs.,CIBERSORT,1,BLCA
LINC00460,MIR149,HLA-A,cytotoxicity.score,MCPCOUNTER,1,BLCA
LINC00460,MIR149,HLA-A,NK.cell,MCPCOUNTER; EPIC,2,BLCA
LINC00460,MIR149,HLA-A,Monocyte,MCPCOUNTER; XCELL,2,BLCA
LINC00460,MIR149,HLA-A,Cancer.associated.fibroblast,MCPCOUNTER; EPIC,2,BLCA
LINC00460,MIR149,HLA-A,Eosinophil,XCELL,1,BLCA
LINC00460,MIR149,HLA-A,Macrophage,XCELL; EPIC,2,BLCA
LINC00460,MIR149,HLA-A,immune.score,XCELL,1,BLCA
LINC00460,MIR149,HLA-A,microenvironment.score,XCELL,1,BLCA
LINC00460,MIR149,HLA-A,T.cell.CD4.,EPIC,1,BLCA
LINC00460,MIR149,HLA-A,Endothelial.cell,EPIC,1,BLCA
LINC00460,MIR149,HLA-C,T.cell.CD8.,TIMER; QUANTISEQ; MCPCOUNTER,3,BLCA
LINC00460,MIR149,HLA-C,Neutrophil,TIMER,1,BLCA
LINC00460,MIR149,HLA-C,Macrophage,TIMER; XCELL; EPIC,3,BLCA
LINC00460,MIR149,HLA-C,Myeloid.dendritic.cell,TIMER; QUANTISEQ; MCPCOUNTER; XCELL,4,BLCA
LINC00460,MIR149,HLA-C,T.cell.regulatory..Tregs.,CIBERSORT,1,BLCA
LINC00460,MIR149,HLA-C,cytotoxicity.score,MCPCOUNTER,1,BLCA
LINC00460,MIR149,HLA-C,NK.cell,MCPCOUNTER; EPIC,2,BLCA
LINC00460,MIR149,HLA-C,Monocyte,MCPCOUNTER; XCELL,2,BLCA
LINC00460,MIR149,HLA-C,Cancer.associated.fibroblast,MCPCOUNTER; EPIC,2,BLCA
LINC00460,MIR149,HLA-C,Eosinophil,XCELL,1,BLCA
LINC00460,MIR149,HLA-C,immune.score,XCELL,1,BLCA
LINC00460,MIR149,HLA-C,microenvironment.score,XCELL,1,BLCA
LINC00460,MIR149,HLA-C,T.cell.CD4.,EPIC,1,BLCA
LINC00460,MIR149,HLA-C,Endothelial.cell,EPIC,1,BLCA
LINC00460,MIR149,HSPA8,T.cell.CD8.,TIMER; QUANTISEQ; MCPCOUNTER,3,BLCA
LINC00460,MIR149,HSPA8,Neutrophil,TIMER,1,BLCA
LINC00460,MIR149,HSPA8,Macrophage,TIMER; XCELL; EPIC,3,BLCA
LINC00460,MIR149,HSPA8,Myeloid.dendritic.cell,TIMER; QUANTISEQ; MCPCOUNTER; XCELL,4,BLCA
LINC00460,MIR149,HSPA8,T.cell.regulatory..Tregs.,CIBERSORT,1,BLCA
LINC00460,MIR149,HSPA8,cytotoxicity.score,MCPCOUNTER,1,BLCA
LINC00460,MIR149,HSPA8,NK.cell,MCPCOUNTER; EPIC,2,BLCA
LINC00460,MIR149,HSPA8,Monocyte,MCPCOUNTER; XCELL,2,BLCA
LINC00460,MIR149,HSPA8,Cancer.associated.fibroblast,MCPCOUNTER; EPIC,2,BLCA
LINC00460,MIR149,HSPA8,Eosinophil,XCELL,1,BLCA
LINC00460,MIR149,HSPA8,immune.score,XCELL,1,BLCA
LINC00460,MIR149,HSPA8,microenvironment.score,XCELL,1,BLCA
LINC00460,MIR149,HSPA8,T.cell.CD4.,EPIC,1,BLCA
LINC00460,MIR149,HSPA8,Endothelial.cell,EPIC,1,BLCA
LINC00460,MIR149,IFI30,T.cell.CD8.,TIMER; QUANTISEQ; MCPCOUNTER,3,BLCA
LINC00460,MIR149,IFI30,Neutrophil,TIMER,1,BLCA
LINC00460,MIR149,IFI30,Macrophage,TIMER; XCELL; EPIC,3,BLCA
LINC00460,MIR149,IFI30,Myeloid.dendritic.cell,TIMER; QUANTISEQ; MCPCOUNTER; XCELL,4,BLCA
LINC00460,MIR149,IFI30,cytotoxicity.score,MCPCOUNTER,1,BLCA
LINC00460,MIR149,IFI30,NK.cell,MCPCOUNTER; EPIC,2,BLCA
LINC00460,MIR149,IFI30,Monocyte,MCPCOUNTER; XCELL,2,BLCA
LINC00460,MIR149,IFI30,Cancer.associated.fibroblast,MCPCOUNTER; EPIC,2,BLCA
LINC00460,MIR149,IFI30,Eosinophil,XCELL,1,BLCA
LINC00460,MIR149,IFI30,immune.score,XCELL,1,BLCA
LINC00460,MIR149,IFI30,microenvironment.score,XCELL,1,BLCA
LINC00460,MIR149,IFI30,T.cell.CD4.,EPIC,1,BLCA
LINC00460,MIR149,MICB,T.cell.CD8.,TIMER; QUANTISEQ; MCPCOUNTER,3,BLCA
LINC00460,MIR149,MICB,Neutrophil,TIMER,1,BLCA
LINC00460,MIR149,MICB,Macrophage,TIMER; XCELL; EPIC,3,BLCA
LINC00460,MIR149,MICB,Myeloid.dendritic.cell,TIMER; MCPCOUNTER; XCELL,3,BLCA
LINC00460,MIR149,MICB,cytotoxicity.score,MCPCOUNTER,1,BLCA
LINC00460,MIR149,MICB,NK.cell,MCPCOUNTER; EPIC,2,BLCA
LINC00460,MIR149,MICB,Monocyte,MCPCOUNTER; XCELL,2,BLCA
LINC00460,MIR149,MICB,Cancer.associated.fibroblast,MCPCOUNTER; EPIC,2,BLCA
LINC00460,MIR149,MICB,Eosinophil,XCELL,1,BLCA
LINC00460,MIR149,MICB,immune.score,XCELL,1,BLCA
LINC00460,MIR149,MICB,microenvironment.score,XCELL,1,BLCA
LINC00460,MIR149,MICB,T.cell.CD4.,EPIC,1,BLCA
LINC00460,MIR149,MICB,Endothelial.cell,EPIC,1,BLCA
LINC00460,MIR149,PLXND1,T.cell.CD8.,TIMER; QUANTISEQ; MCPCOUNTER,3,BLCA
LINC00460,MIR149,PLXND1,Neutrophil,TIMER,1,BLCA
LINC00460,MIR149,PLXND1,Macrophage,TIMER; XCELL; EPIC,3,BLCA
LINC00460,MIR149,PLXND1,Myeloid.dendritic.cell,TIMER; MCPCOUNTER; XCELL,3,BLCA
LINC00460,MIR149,PLXND1,cytotoxicity.score,MCPCOUNTER,1,BLCA
LINC00460,MIR149,PLXND1,NK.cell,MCPCOUNTER; EPIC,2,BLCA
LINC00460,MIR149,PLXND1,Monocyte,MCPCOUNTER; XCELL,2,BLCA
LINC00460,MIR149,PLXND1,Cancer.associated.fibroblast,MCPCOUNTER; EPIC,2,BLCA
LINC00460,MIR149,PLXND1,Eosinophil,XCELL,1,BLCA
LINC00460,MIR149,PLXND1,immune.score,XCELL,1,BLCA
LINC00460,MIR149,PLXND1,microenvironment.score,XCELL,1,BLCA
LINC00460,MIR149,PLXND1,T.cell.CD4.,EPIC,1,BLCA
LINC00460,MIR149,PLXND1,Endothelial.cell,EPIC,1,BLCA
LINC00460,MIR149,PSMD1,T.cell.CD8.,TIMER; QUANTISEQ; MCPCOUNTER; EPIC,4,BLCA
LINC00460,MIR149,PSMD1,Neutrophil,TIMER,1,BLCA
LINC00460,MIR149,PSMD1,Macrophage,TIMER; XCELL; EPIC,3,BLCA
LINC00460,MIR149,PSMD1,Myeloid.dendritic.cell,TIMER; QUANTISEQ; MCPCOUNTER; XCELL,4,BLCA
LINC00460,MIR149,PSMD1,T.cell.regulatory..Tregs.,CIBERSORT,1,BLCA
LINC00460,MIR149,PSMD1,cytotoxicity.score,MCPCOUNTER,1,BLCA
LINC00460,MIR149,PSMD1,NK.cell,MCPCOUNTER; EPIC,2,BLCA
LINC00460,MIR149,PSMD1,Monocyte,MCPCOUNTER; XCELL,2,BLCA
LINC00460,MIR149,PSMD1,Cancer.associated.fibroblast,MCPCOUNTER; EPIC,2,BLCA
LINC00460,MIR149,PSMD1,Eosinophil,XCELL,1,BLCA
LINC00460,MIR149,PSMD1,immune.score,XCELL,1,BLCA
LINC00460,MIR149,PSMD1,T.cell.CD4.,EPIC,1,BLCA
LINC00460,MIR149,PSMD1,Endothelial.cell,EPIC,1,BLCA
LINC00460,MIR149,S1PR2,T.cell.CD8.,TIMER; QUANTISEQ; MCPCOUNTER,3,BLCA
LINC00460,MIR149,S1PR2,Neutrophil,TIMER,1,BLCA
LINC00460,MIR149,S1PR2,Macrophage,TIMER; XCELL; EPIC,3,BLCA
LINC00460,MIR149,S1PR2,Myeloid.dendritic.cell,TIMER; MCPCOUNTER; XCELL,3,BLCA
LINC00460,MIR149,S1PR2,cytotoxicity.score,MCPCOUNTER,1,BLCA
LINC00460,MIR149,S1PR2,NK.cell,MCPCOUNTER; EPIC,2,BLCA
LINC00460,MIR149,S1PR2,Monocyte,MCPCOUNTER; XCELL,2,BLCA
LINC00460,MIR149,S1PR2,Cancer.associated.fibroblast,MCPCOUNTER; EPIC,2,BLCA
LINC00460,MIR149,S1PR2,Eosinophil,XCELL,1,BLCA
LINC00460,MIR149,S1PR2,immune.score,XCELL,1,BLCA
LINC00460,MIR149,S1PR2,microenvironment.score,XCELL,1,BLCA
LINC00460,MIR149,S1PR2,T.cell.CD4.,EPIC,1,BLCA
LINC00460,MIR149,S1PR2,Endothelial.cell,EPIC,1,BLCA
LINC00943,MIR149,BIRC5,T.cell.CD8.,TIMER; QUANTISEQ; MCPCOUNTER,3,BLCA
LINC00943,MIR149,BIRC5,Neutrophil,TIMER,1,BLCA
LINC00943,MIR149,BIRC5,Macrophage,TIMER; XCELL; EPIC,3,BLCA
LINC00943,MIR149,BIRC5,Myeloid.dendritic.cell,TIMER; MCPCOUNTER,2,BLCA
LINC00943,MIR149,BIRC5,T.cell.regulatory..Tregs.,CIBERSORT,1,BLCA
LINC00943,MIR149,BIRC5,cytotoxicity.score,MCPCOUNTER,1,BLCA
LINC00943,MIR149,BIRC5,NK.cell,MCPCOUNTER; EPIC,2,BLCA
LINC00943,MIR149,BIRC5,Monocyte,MCPCOUNTER,1,BLCA
LINC00943,MIR149,BIRC5,Eosinophil,XCELL,1,BLCA
LINC00943,MIR149,BIRC5,microenvironment.score,XCELL,1,BLCA
LINC00943,MIR149,BIRC5,T.cell.CD4.,EPIC,1,BLCA
LINC00943,MIR149,BIRC5,Endothelial.cell,EPIC,1,BLCA
LINC00943,MIR149,CD3D,T.cell.CD8.,TIMER; QUANTISEQ; MCPCOUNTER,3,BLCA
LINC00943,MIR149,CD3D,Neutrophil,TIMER,1,BLCA
LINC00943,MIR149,CD3D,Macrophage,TIMER; XCELL; EPIC,3,BLCA
LINC00943,MIR149,CD3D,Myeloid.dendritic.cell,TIMER; QUANTISEQ; MCPCOUNTER; XCELL,4,BLCA
LINC00943,MIR149,CD3D,cytotoxicity.score,MCPCOUNTER,1,BLCA
LINC00943,MIR149,CD3D,NK.cell,MCPCOUNTER; EPIC,2,BLCA
LINC00943,MIR149,CD3D,Monocyte,MCPCOUNTER; XCELL,2,BLCA
LINC00943,MIR149,CD3D,Cancer.associated.fibroblast,MCPCOUNTER; EPIC,2,BLCA
LINC00943,MIR149,CD3D,Eosinophil,XCELL,1,BLCA
LINC00943,MIR149,CD3D,immune.score,XCELL,1,BLCA
LINC00943,MIR149,CD3D,microenvironment.score,XCELL,1,BLCA
LINC00943,MIR149,CD3D,Endothelial.cell,EPIC,1,BLCA
LINC00943,MIR149,FASLG,T.cell.CD8.,TIMER; QUANTISEQ; MCPCOUNTER,3,BLCA
LINC00943,MIR149,FASLG,Neutrophil,TIMER,1,BLCA
LINC00943,MIR149,FASLG,Macrophage,TIMER; XCELL; EPIC,3,BLCA
LINC00943,MIR149,FASLG,Myeloid.dendritic.cell,TIMER; QUANTISEQ; MCPCOUNTER; XCELL,4,BLCA
LINC00943,MIR149,FASLG,T.cell.regulatory..Tregs.,CIBERSORT,1,BLCA
LINC00943,MIR149,FASLG,cytotoxicity.score,MCPCOUNTER,1,BLCA
LINC00943,MIR149,FASLG,NK.cell,MCPCOUNTER; EPIC,2,BLCA
LINC00943,MIR149,FASLG,Monocyte,MCPCOUNTER; XCELL,2,BLCA
LINC00943,MIR149,FASLG,Cancer.associated.fibroblast,MCPCOUNTER; EPIC,2,BLCA
LINC00943,MIR149,FASLG,Eosinophil,XCELL,1,BLCA
LINC00943,MIR149,FASLG,immune.score,XCELL,1,BLCA
LINC00943,MIR149,FASLG,microenvironment.score,XCELL,1,BLCA
LINC00943,MIR149,FASLG,T.cell.CD4.,EPIC,1,BLCA
LINC00943,MIR149,HLA-A,T.cell.CD8.,TIMER; QUANTISEQ; MCPCOUNTER,3,BLCA
LINC00943,MIR149,HLA-A,Neutrophil,TIMER,1,BLCA
LINC00943,MIR149,HLA-A,Myeloid.dendritic.cell,TIMER; QUANTISEQ; MCPCOUNTER; XCELL,4,BLCA
LINC00943,MIR149,HLA-A,T.cell.regulatory..Tregs.,CIBERSORT,1,BLCA
LINC00943,MIR149,HLA-A,Monocyte,QUANTISEQ; MCPCOUNTER; XCELL,3,BLCA
LINC00943,MIR149,HLA-A,cytotoxicity.score,MCPCOUNTER,1,BLCA
LINC00943,MIR149,HLA-A,NK.cell,MCPCOUNTER; EPIC,2,BLCA
LINC00943,MIR149,HLA-A,Cancer.associated.fibroblast,MCPCOUNTER; EPIC,2,BLCA
LINC00943,MIR149,HLA-A,Eosinophil,XCELL,1,BLCA
LINC00943,MIR149,HLA-A,Macrophage,XCELL; EPIC,2,BLCA
LINC00943,MIR149,HLA-A,immune.score,XCELL,1,BLCA
LINC00943,MIR149,HLA-A,microenvironment.score,XCELL,1,BLCA
LINC00943,MIR149,HLA-A,T.cell.CD4.,EPIC,1,BLCA
LINC00943,MIR149,HLA-A,Endothelial.cell,EPIC,1,BLCA
LINC00943,MIR149,HLA-C,T.cell.CD8.,TIMER; QUANTISEQ; MCPCOUNTER,3,BLCA
LINC00943,MIR149,HLA-C,Neutrophil,TIMER,1,BLCA
LINC00943,MIR149,HLA-C,Macrophage,TIMER; XCELL; EPIC,3,BLCA
LINC00943,MIR149,HLA-C,Myeloid.dendritic.cell,TIMER; QUANTISEQ; MCPCOUNTER; XCELL,4,BLCA
LINC00943,MIR149,HLA-C,T.cell.regulatory..Tregs.,CIBERSORT,1,BLCA
LINC00943,MIR149,HLA-C,cytotoxicity.score,MCPCOUNTER,1,BLCA
LINC00943,MIR149,HLA-C,NK.cell,MCPCOUNTER; EPIC,2,BLCA
LINC00943,MIR149,HLA-C,Monocyte,MCPCOUNTER; XCELL,2,BLCA
LINC00943,MIR149,HLA-C,Cancer.associated.fibroblast,MCPCOUNTER; EPIC,2,BLCA
LINC00943,MIR149,HLA-C,Eosinophil,XCELL,1,BLCA
LINC00943,MIR149,HLA-C,immune.score,XCELL,1,BLCA
LINC00943,MIR149,HLA-C,microenvironment.score,XCELL,1,BLCA
LINC00943,MIR149,HLA-C,T.cell.CD4.,EPIC,1,BLCA
LINC00943,MIR149,HLA-C,Endothelial.cell,EPIC,1,BLCA
LINC00943,MIR149,HSPA8,T.cell.CD8.,TIMER; QUANTISEQ; MCPCOUNTER,3,BLCA
LINC00943,MIR149,HSPA8,Neutrophil,TIMER,1,BLCA
LINC00943,MIR149,HSPA8,Macrophage,TIMER; XCELL; EPIC,3,BLCA
LINC00943,MIR149,HSPA8,Myeloid.dendritic.cell,TIMER; QUANTISEQ; MCPCOUNTER; XCELL,4,BLCA
LINC00943,MIR149,HSPA8,T.cell.regulatory..Tregs.,CIBERSORT,1,BLCA
LINC00943,MIR149,HSPA8,Monocyte,QUANTISEQ; MCPCOUNTER; XCELL,3,BLCA
LINC00943,MIR149,HSPA8,cytotoxicity.score,MCPCOUNTER,1,BLCA
LINC00943,MIR149,HSPA8,NK.cell,MCPCOUNTER; EPIC,2,BLCA
LINC00943,MIR149,HSPA8,Cancer.associated.fibroblast,MCPCOUNTER; EPIC,2,BLCA
LINC00943,MIR149,HSPA8,Eosinophil,XCELL,1,BLCA
LINC00943,MIR149,HSPA8,immune.score,XCELL,1,BLCA
LINC00943,MIR149,HSPA8,microenvironment.score,XCELL,1,BLCA
LINC00943,MIR149,HSPA8,T.cell.CD4.,EPIC,1,BLCA
LINC00943,MIR149,HSPA8,Endothelial.cell,EPIC,1,BLCA
LINC00943,MIR149,IFI30,T.cell.CD8.,TIMER; QUANTISEQ; MCPCOUNTER,3,BLCA
LINC00943,MIR149,IFI30,Neutrophil,TIMER,1,BLCA
LINC00943,MIR149,IFI30,Macrophage,TIMER; XCELL; EPIC,3,BLCA
LINC00943,MIR149,IFI30,Myeloid.dendritic.cell,TIMER; QUANTISEQ; MCPCOUNTER; XCELL,4,BLCA
LINC00943,MIR149,IFI30,cytotoxicity.score,MCPCOUNTER,1,BLCA
LINC00943,MIR149,IFI30,NK.cell,MCPCOUNTER; EPIC,2,BLCA
LINC00943,MIR149,IFI30,Monocyte,MCPCOUNTER; XCELL,2,BLCA
LINC00943,MIR149,IFI30,Cancer.associated.fibroblast,MCPCOUNTER; EPIC,2,BLCA
LINC00943,MIR149,IFI30,Eosinophil,XCELL,1,BLCA
LINC00943,MIR149,IFI30,immune.score,XCELL,1,BLCA
LINC00943,MIR149,IFI30,microenvironment.score,XCELL,1,BLCA
LINC00943,MIR149,IFI30,T.cell.CD4.,EPIC,1,BLCA
LINC00943,MIR149,MICB,T.cell.CD8.,TIMER; QUANTISEQ; MCPCOUNTER,3,BLCA
LINC00943,MIR149,MICB,Neutrophil,TIMER,1,BLCA
LINC00943,MIR149,MICB,Macrophage,TIMER; XCELL; EPIC,3,BLCA
LINC00943,MIR149,MICB,Myeloid.dendritic.cell,TIMER; MCPCOUNTER; XCELL,3,BLCA
LINC00943,MIR149,MICB,cytotoxicity.score,MCPCOUNTER,1,BLCA
LINC00943,MIR149,MICB,NK.cell,MCPCOUNTER; EPIC,2,BLCA
LINC00943,MIR149,MICB,Monocyte,MCPCOUNTER; XCELL,2,BLCA
LINC00943,MIR149,MICB,Cancer.associated.fibroblast,MCPCOUNTER; EPIC,2,BLCA
LINC00943,MIR149,MICB,Eosinophil,XCELL,1,BLCA
LINC00943,MIR149,MICB,immune.score,XCELL,1,BLCA
LINC00943,MIR149,MICB,microenvironment.score,XCELL,1,BLCA
LINC00943,MIR149,MICB,T.cell.CD4.,EPIC,1,BLCA
LINC00943,MIR149,MICB,Endothelial.cell,EPIC,1,BLCA
LINC00943,MIR149,PLXND1,T.cell.CD8.,TIMER; QUANTISEQ; MCPCOUNTER,3,BLCA
LINC00943,MIR149,PLXND1,Neutrophil,TIMER,1,BLCA
LINC00943,MIR149,PLXND1,Macrophage,TIMER; XCELL; EPIC,3,BLCA
LINC00943,MIR149,PLXND1,Myeloid.dendritic.cell,TIMER; MCPCOUNTER; XCELL,3,BLCA
LINC00943,MIR149,PLXND1,Monocyte,QUANTISEQ; MCPCOUNTER; XCELL,3,BLCA
LINC00943,MIR149,PLXND1,cytotoxicity.score,MCPCOUNTER,1,BLCA
LINC00943,MIR149,PLXND1,NK.cell,MCPCOUNTER; EPIC,2,BLCA
LINC00943,MIR149,PLXND1,Cancer.associated.fibroblast,MCPCOUNTER; EPIC,2,BLCA
LINC00943,MIR149,PLXND1,Eosinophil,XCELL,1,BLCA
LINC00943,MIR149,PLXND1,immune.score,XCELL,1,BLCA
LINC00943,MIR149,PLXND1,microenvironment.score,XCELL,1,BLCA
LINC00943,MIR149,PLXND1,T.cell.CD4.,EPIC,1,BLCA
LINC00943,MIR149,PLXND1,Endothelial.cell,EPIC,1,BLCA
LINC00943,MIR149,PSMD1,T.cell.CD8.,TIMER; QUANTISEQ; MCPCOUNTER,3,BLCA
LINC00943,MIR149,PSMD1,Neutrophil,TIMER,1,BLCA
LINC00943,MIR149,PSMD1,Macrophage,TIMER; XCELL; EPIC,3,BLCA
LINC00943,MIR149,PSMD1,Myeloid.dendritic.cell,TIMER; QUANTISEQ; MCPCOUNTER; XCELL,4,BLCA
LINC00943,MIR149,PSMD1,T.cell.regulatory..Tregs.,CIBERSORT,1,BLCA
LINC00943,MIR149,PSMD1,cytotoxicity.score,MCPCOUNTER,1,BLCA
LINC00943,MIR149,PSMD1,NK.cell,MCPCOUNTER; EPIC,2,BLCA
LINC00943,MIR149,PSMD1,Monocyte,MCPCOUNTER; XCELL,2,BLCA
LINC00943,MIR149,PSMD1,Cancer.associated.fibroblast,MCPCOUNTER; EPIC,2,BLCA
LINC00943,MIR149,PSMD1,Eosinophil,XCELL,1,BLCA
LINC00943,MIR149,PSMD1,immune.score,XCELL,1,BLCA
LINC00943,MIR149,PSMD1,T.cell.CD4.,EPIC,1,BLCA
LINC00943,MIR149,PSMD1,Endothelial.cell,EPIC,1,BLCA
LINC00943,MIR149,S1PR2,T.cell.CD8.,TIMER; QUANTISEQ; MCPCOUNTER,3,BLCA
LINC00943,MIR149,S1PR2,Neutrophil,TIMER,1,BLCA
LINC00943,MIR149,S1PR2,Macrophage,TIMER; XCELL; EPIC,3,BLCA
LINC00943,MIR149,S1PR2,Myeloid.dendritic.cell,TIMER; MCPCOUNTER; XCELL,3,BLCA
LINC00943,MIR149,S1PR2,Monocyte,QUANTISEQ; MCPCOUNTER; XCELL,3,BLCA
LINC00943,MIR149,S1PR2,cytotoxicity.score,MCPCOUNTER,1,BLCA
LINC00943,MIR149,S1PR2,NK.cell,MCPCOUNTER; EPIC,2,BLCA
LINC00943,MIR149,S1PR2,Cancer.associated.fibroblast,MCPCOUNTER; EPIC,2,BLCA
LINC00943,MIR149,S1PR2,Eosinophil,XCELL,1,BLCA
LINC00943,MIR149,S1PR2,immune.score,XCELL,1,BLCA
LINC00943,MIR149,S1PR2,microenvironment.score,XCELL,1,BLCA
LINC00943,MIR149,S1PR2,T.cell.CD4.,EPIC,1,BLCA
LINC00943,MIR149,S1PR2,Endothelial.cell,EPIC,1,BLCA
MSC-AS1,MIR200C,EDNRA,T.cell.CD8.,TIMER; CIBERSORT.ABS; QUANTISEQ; MCPCOUNTER,4,BLCA
MSC-AS1,MIR200C,EDNRA,Neutrophil,TIMER; CIBERSORT; CIBERSORT.ABS,3,BLCA
MSC-AS1,MIR200C,EDNRA,Macrophage,TIMER; XCELL; EPIC,3,BLCA
MSC-AS1,MIR200C,EDNRA,Myeloid.dendritic.cell,TIMER; MCPCOUNTER; XCELL,3,BLCA
MSC-AS1,MIR200C,EDNRA,T.cell.regulatory..Tregs.,CIBERSORT; CIBERSORT.ABS; QUANTISEQ,3,BLCA
MSC-AS1,MIR200C,EDNRA,cytotoxicity.score,MCPCOUNTER,1,BLCA
MSC-AS1,MIR200C,EDNRA,NK.cell,MCPCOUNTER; EPIC,2,BLCA
MSC-AS1,MIR200C,EDNRA,Monocyte,MCPCOUNTER; XCELL,2,BLCA
MSC-AS1,MIR200C,EDNRA,Cancer.associated.fibroblast,MCPCOUNTER; XCELL; EPIC,3,BLCA
MSC-AS1,MIR200C,EDNRA,Eosinophil,XCELL,1,BLCA
MSC-AS1,MIR200C,EDNRA,immune.score,XCELL,1,BLCA
MSC-AS1,MIR200C,EDNRA,stroma.score,XCELL,1,BLCA
MSC-AS1,MIR200C,EDNRA,microenvironment.score,XCELL,1,BLCA
MSC-AS1,MIR200C,EDNRA,T.cell.CD4.,EPIC,1,BLCA
MSC-AS1,MIR200C,PAK2,T.cell.CD8.,TIMER; QUANTISEQ; MCPCOUNTER,3,BLCA
MSC-AS1,MIR200C,PAK2,Neutrophil,TIMER; CIBERSORT; CIBERSORT.ABS,3,BLCA
MSC-AS1,MIR200C,PAK2,Macrophage,TIMER,1,BLCA
MSC-AS1,MIR200C,PAK2,Myeloid.dendritic.cell,TIMER,1,BLCA
MSC-AS1,MIR200C,PAK2,T.cell.regulatory..Tregs.,CIBERSORT; QUANTISEQ,2,BLCA
MSC-AS1,MIR200C,PAK2,cytotoxicity.score,MCPCOUNTER,1,BLCA
MSC-AS1,MIR200C,PAK2,NK.cell,MCPCOUNTER,1,BLCA
MSC-AS1,MIR200C,PAK2,Monocyte,MCPCOUNTER,1,BLCA
MSC-AS1,MIR200C,PAK2,Eosinophil,XCELL,1,BLCA
MSC-AS1,MIR200C,PAK2,Cancer.associated.fibroblast,XCELL; EPIC,2,BLCA
MSC-AS1,MIR200C,PAK2,stroma.score,XCELL,1,BLCA
MSC-AS1,MIR200C,PAK2,microenvironment.score,XCELL,1,BLCA
MSC-AS1,MIR200C,RHOA,T.cell.CD8.,TIMER; CIBERSORT.ABS; QUANTISEQ; MCPCOUNTER,4,BLCA
MSC-AS1,MIR200C,RHOA,Neutrophil,TIMER; CIBERSORT; CIBERSORT.ABS,3,BLCA
MSC-AS1,MIR200C,RHOA,Macrophage,TIMER; XCELL; EPIC,3,BLCA
MSC-AS1,MIR200C,RHOA,Myeloid.dendritic.cell,TIMER; MCPCOUNTER; XCELL,3,BLCA
MSC-AS1,MIR200C,RHOA,T.cell.regulatory..Tregs.,CIBERSORT; QUANTISEQ,2,BLCA
MSC-AS1,MIR200C,RHOA,cytotoxicity.score,MCPCOUNTER,1,BLCA
MSC-AS1,MIR200C,RHOA,NK.cell,MCPCOUNTER; EPIC,2,BLCA
MSC-AS1,MIR200C,RHOA,Monocyte,MCPCOUNTER; XCELL,2,BLCA
MSC-AS1,MIR200C,RHOA,Cancer.associated.fibroblast,MCPCOUNTER; XCELL; EPIC,3,BLCA
MSC-AS1,MIR200C,RHOA,Eosinophil,XCELL,1,BLCA
MSC-AS1,MIR200C,RHOA,immune.score,XCELL,1,BLCA
MSC-AS1,MIR200C,RHOA,stroma.score,XCELL,1,BLCA
MSC-AS1,MIR200C,RHOA,microenvironment.score,XCELL,1,BLCA
MSC-AS1,MIR200C,RHOA,T.cell.CD4.,EPIC,1,BLCA
NR2F1-AS1,MIR25,BMPR1A,T.cell.CD8.,TIMER,1,BLCA
NR2F1-AS1,MIR25,BMPR1A,Neutrophil,TIMER,1,BLCA
NR2F1-AS1,MIR25,BMPR1A,Macrophage,TIMER,1,BLCA
NR2F1-AS1,MIR25,BMPR1A,Myeloid.dendritic.cell,TIMER; QUANTISEQ; MCPCOUNTER; XCELL,4,BLCA
NR2F1-AS1,MIR25,BMPR1A,T.cell.regulatory..Tregs.,CIBERSORT,1,BLCA
NR2F1-AS1,MIR25,BMPR1A,Endothelial.cell,MCPCOUNTER; EPIC,2,BLCA
NR2F1-AS1,MIR25,BMPR1A,Cancer.associated.fibroblast,MCPCOUNTER; XCELL; EPIC,3,BLCA
NR2F1-AS1,MIR25,BMPR1A,Monocyte,XCELL,1,BLCA
NR2F1-AS1,MIR25,BMPR1A,immune.score,XCELL,1,BLCA
NR2F1-AS1,MIR25,C3,T.cell.CD8.,TIMER; CIBERSORT.ABS; QUANTISEQ; MCPCOUNTER,4,BLCA
NR2F1-AS1,MIR25,C3,Neutrophil,TIMER; CIBERSORT; CIBERSORT.ABS,3,BLCA
NR2F1-AS1,MIR25,C3,Macrophage,TIMER; XCELL; EPIC,3,BLCA
NR2F1-AS1,MIR25,C3,Myeloid.dendritic.cell,TIMER; QUANTISEQ; MCPCOUNTER; XCELL,4,BLCA
NR2F1-AS1,MIR25,C3,NK.cell,QUANTISEQ; MCPCOUNTER,2,BLCA
NR2F1-AS1,MIR25,C3,T.cell.regulatory..Tregs.,QUANTISEQ,1,BLCA
NR2F1-AS1,MIR25,C3,cytotoxicity.score,MCPCOUNTER,1,BLCA
NR2F1-AS1,MIR25,C3,B.cell,MCPCOUNTER; EPIC,2,BLCA
NR2F1-AS1,MIR25,C3,Monocyte,MCPCOUNTER; XCELL,2,BLCA
NR2F1-AS1,MIR25,C3,Endothelial.cell,MCPCOUNTER; XCELL; EPIC,3,BLCA
NR2F1-AS1,MIR25,C3,Cancer.associated.fibroblast,MCPCOUNTER; XCELL; EPIC,3,BLCA
NR2F1-AS1,MIR25,C3,Eosinophil,XCELL,1,BLCA
NR2F1-AS1,MIR25,C3,immune.score,XCELL,1,BLCA
NR2F1-AS1,MIR25,C3,stroma.score,XCELL,1,BLCA
NR2F1-AS1,MIR25,C3,microenvironment.score,XCELL,1,BLCA
NR2F1-AS1,MIR25,CCL26,T.cell.CD8.,TIMER; CIBERSORT.ABS; QUANTISEQ; MCPCOUNTER,4,BLCA
NR2F1-AS1,MIR25,CCL26,Neutrophil,TIMER; CIBERSORT.ABS,2,BLCA
NR2F1-AS1,MIR25,CCL26,Macrophage,TIMER; XCELL; EPIC,3,BLCA
NR2F1-AS1,MIR25,CCL26,Myeloid.dendritic.cell,TIMER; QUANTISEQ; MCPCOUNTER; XCELL,4,BLCA
NR2F1-AS1,MIR25,CCL26,T.cell.regulatory..Tregs.,CIBERSORT; QUANTISEQ,2,BLCA
NR2F1-AS1,MIR25,CCL26,cytotoxicity.score,MCPCOUNTER,1,BLCA
NR2F1-AS1,MIR25,CCL26,NK.cell,MCPCOUNTER,1,BLCA
NR2F1-AS1,MIR25,CCL26,B.cell,MCPCOUNTER; EPIC,2,BLCA
NR2F1-AS1,MIR25,CCL26,Monocyte,MCPCOUNTER; XCELL,2,BLCA
NR2F1-AS1,MIR25,CCL26,Endothelial.cell,MCPCOUNTER; XCELL,2,BLCA
NR2F1-AS1,MIR25,CCL26,Cancer.associated.fibroblast,MCPCOUNTER; XCELL; EPIC,3,BLCA
NR2F1-AS1,MIR25,CCL26,Eosinophil,XCELL,1,BLCA
NR2F1-AS1,MIR25,CCL26,immune.score,XCELL,1,BLCA
NR2F1-AS1,MIR25,CCL26,stroma.score,XCELL,1,BLCA
NR2F1-AS1,MIR25,CCL26,microenvironment.score,XCELL,1,BLCA
NR2F1-AS1,MIR25,CCR4,T.cell.CD8.,TIMER; CIBERSORT.ABS; QUANTISEQ; MCPCOUNTER,4,BLCA
NR2F1-AS1,MIR25,CCR4,Neutrophil,TIMER; CIBERSORT; CIBERSORT.ABS,3,BLCA
NR2F1-AS1,MIR25,CCR4,Macrophage,TIMER; XCELL; EPIC,3,BLCA
NR2F1-AS1,MIR25,CCR4,Myeloid.dendritic.cell,TIMER; MCPCOUNTER; XCELL,3,BLCA
NR2F1-AS1,MIR25,CCR4,T.cell.regulatory..Tregs.,CIBERSORT; QUANTISEQ,2,BLCA
NR2F1-AS1,MIR25,CCR4,cytotoxicity.score,MCPCOUNTER,1,BLCA
NR2F1-AS1,MIR25,CCR4,NK.cell,MCPCOUNTER,1,BLCA
NR2F1-AS1,MIR25,CCR4,B.cell,MCPCOUNTER; EPIC,2,BLCA
NR2F1-AS1,MIR25,CCR4,Monocyte,MCPCOUNTER; XCELL,2,BLCA
NR2F1-AS1,MIR25,CCR4,Endothelial.cell,MCPCOUNTER; XCELL; EPIC,3,BLCA
NR2F1-AS1,MIR25,CCR4,Cancer.associated.fibroblast,MCPCOUNTER; XCELL; EPIC,3,BLCA
NR2F1-AS1,MIR25,CCR4,immune.score,XCELL,1,BLCA
NR2F1-AS1,MIR25,CCR4,stroma.score,XCELL,1,BLCA
NR2F1-AS1,MIR25,CCR4,microenvironment.score,XCELL,1,BLCA
NR2F1-AS1,MIR25,ENG,T.cell.CD8.,TIMER; CIBERSORT.ABS; QUANTISEQ; MCPCOUNTER,4,BLCA
NR2F1-AS1,MIR25,ENG,Neutrophil,TIMER; CIBERSORT.ABS,2,BLCA
NR2F1-AS1,MIR25,ENG,Macrophage,TIMER; XCELL; EPIC,3,BLCA
NR2F1-AS1,MIR25,ENG,Myeloid.dendritic.cell,TIMER; MCPCOUNTER; XCELL,3,BLCA
NR2F1-AS1,MIR25,ENG,T.cell.regulatory..Tregs.,CIBERSORT; QUANTISEQ,2,BLCA
NR2F1-AS1,MIR25,ENG,cytotoxicity.score,MCPCOUNTER,1,BLCA
NR2F1-AS1,MIR25,ENG,NK.cell,MCPCOUNTER,1,BLCA
NR2F1-AS1,MIR25,ENG,B.cell,MCPCOUNTER; EPIC,2,BLCA
NR2F1-AS1,MIR25,ENG,Monocyte,MCPCOUNTER; XCELL,2,BLCA
NR2F1-AS1,MIR25,ENG,Endothelial.cell,MCPCOUNTER; XCELL; EPIC,3,BLCA
NR2F1-AS1,MIR25,ENG,Cancer.associated.fibroblast,MCPCOUNTER; XCELL; EPIC,3,BLCA
NR2F1-AS1,MIR25,ENG,Eosinophil,XCELL,1,BLCA
NR2F1-AS1,MIR25,ENG,immune.score,XCELL,1,BLCA
NR2F1-AS1,MIR25,ENG,stroma.score,XCELL,1,BLCA
NR2F1-AS1,MIR25,ENG,microenvironment.score,XCELL,1,BLCA
NR2F1-AS1,MIR25,FGF2,T.cell.CD8.,TIMER; CIBERSORT.ABS; QUANTISEQ; MCPCOUNTER,4,BLCA
NR2F1-AS1,MIR25,FGF2,Neutrophil,TIMER; CIBERSORT; CIBERSORT.ABS,3,BLCA
NR2F1-AS1,MIR25,FGF2,Macrophage,TIMER; XCELL; EPIC,3,BLCA
NR2F1-AS1,MIR25,FGF2,Myeloid.dendritic.cell,TIMER; MCPCOUNTER; XCELL,3,BLCA
NR2F1-AS1,MIR25,FGF2,T.cell.regulatory..Tregs.,CIBERSORT; QUANTISEQ,2,BLCA
NR2F1-AS1,MIR25,FGF2,cytotoxicity.score,MCPCOUNTER,1,BLCA
NR2F1-AS1,MIR25,FGF2,NK.cell,MCPCOUNTER,1,BLCA
NR2F1-AS1,MIR25,FGF2,B.cell,MCPCOUNTER; EPIC,2,BLCA
NR2F1-AS1,MIR25,FGF2,Monocyte,MCPCOUNTER; XCELL,2,BLCA
NR2F1-AS1,MIR25,FGF2,Endothelial.cell,MCPCOUNTER; XCELL; EPIC,3,BLCA
NR2F1-AS1,MIR25,FGF2,Cancer.associated.fibroblast,MCPCOUNTER; XCELL; EPIC,3,BLCA
NR2F1-AS1,MIR25,FGF2,Eosinophil,XCELL,1,BLCA
NR2F1-AS1,MIR25,FGF2,immune.score,XCELL,1,BLCA
NR2F1-AS1,MIR25,FGF2,stroma.score,XCELL,1,BLCA
NR2F1-AS1,MIR25,FGF2,microenvironment.score,XCELL,1,BLCA
NR2F1-AS1,MIR25,HSPA8,T.cell.CD8.,TIMER; CIBERSORT.ABS; QUANTISEQ; MCPCOUNTER,4,BLCA
NR2F1-AS1,MIR25,HSPA8,Neutrophil,TIMER; CIBERSORT; CIBERSORT.ABS,3,BLCA
NR2F1-AS1,MIR25,HSPA8,Macrophage,TIMER; XCELL; EPIC,3,BLCA
NR2F1-AS1,MIR25,HSPA8,Myeloid.dendritic.cell,TIMER; QUANTISEQ; MCPCOUNTER; XCELL,4,BLCA
NR2F1-AS1,MIR25,HSPA8,T.cell.regulatory..Tregs.,CIBERSORT; QUANTISEQ,2,BLCA
NR2F1-AS1,MIR25,HSPA8,NK.cell,QUANTISEQ; MCPCOUNTER,2,BLCA
NR2F1-AS1,MIR25,HSPA8,cytotoxicity.score,MCPCOUNTER,1,BLCA
NR2F1-AS1,MIR25,HSPA8,Monocyte,MCPCOUNTER; XCELL,2,BLCA
NR2F1-AS1,MIR25,HSPA8,Endothelial.cell,MCPCOUNTER; XCELL; EPIC,3,BLCA
NR2F1-AS1,MIR25,HSPA8,Cancer.associated.fibroblast,MCPCOUNTER; EPIC,2,BLCA
NR2F1-AS1,MIR25,HSPA8,Eosinophil,XCELL,1,BLCA
NR2F1-AS1,MIR25,HSPA8,immune.score,XCELL,1,BLCA
NR2F1-AS1,MIR25,HSPA8,stroma.score,XCELL,1,BLCA
NR2F1-AS1,MIR25,HSPA8,microenvironment.score,XCELL,1,BLCA
NR2F1-AS1,MIR25,IL6ST,T.cell.CD8.,TIMER; CIBERSORT.ABS; QUANTISEQ; MCPCOUNTER,4,BLCA
NR2F1-AS1,MIR25,IL6ST,Neutrophil,TIMER; CIBERSORT; CIBERSORT.ABS,3,BLCA
NR2F1-AS1,MIR25,IL6ST,Macrophage,TIMER; XCELL; EPIC,3,BLCA
NR2F1-AS1,MIR25,IL6ST,Myeloid.dendritic.cell,TIMER; MCPCOUNTER; XCELL,3,BLCA
NR2F1-AS1,MIR25,IL6ST,T.cell.regulatory..Tregs.,CIBERSORT; QUANTISEQ,2,BLCA
NR2F1-AS1,MIR25,IL6ST,cytotoxicity.score,MCPCOUNTER,1,BLCA
NR2F1-AS1,MIR25,IL6ST,NK.cell,MCPCOUNTER,1,BLCA
NR2F1-AS1,MIR25,IL6ST,B.cell,MCPCOUNTER; EPIC,2,BLCA
NR2F1-AS1,MIR25,IL6ST,Monocyte,MCPCOUNTER; XCELL,2,BLCA
NR2F1-AS1,MIR25,IL6ST,Endothelial.cell,MCPCOUNTER; XCELL; EPIC,3,BLCA
NR2F1-AS1,MIR25,IL6ST,Cancer.associated.fibroblast,MCPCOUNTER; XCELL; EPIC,3,BLCA
NR2F1-AS1,MIR25,IL6ST,Eosinophil,XCELL,1,BLCA
NR2F1-AS1,MIR25,IL6ST,immune.score,XCELL,1,BLCA
NR2F1-AS1,MIR25,IL6ST,stroma.score,XCELL,1,BLCA
NR2F1-AS1,MIR25,IL6ST,microenvironment.score,XCELL,1,BLCA
NR2F1-AS1,MIR25,ITGAV,T.cell.CD8.,TIMER; CIBERSORT.ABS; MCPCOUNTER,3,BLCA
NR2F1-AS1,MIR25,ITGAV,Neutrophil,TIMER; CIBERSORT; CIBERSORT.ABS,3,BLCA
NR2F1-AS1,MIR25,ITGAV,Macrophage,TIMER; XCELL; EPIC,3,BLCA
NR2F1-AS1,MIR25,ITGAV,Myeloid.dendritic.cell,TIMER; QUANTISEQ; MCPCOUNTER; XCELL,4,BLCA
NR2F1-AS1,MIR25,ITGAV,T.cell.regulatory..Tregs.,CIBERSORT; QUANTISEQ,2,BLCA
NR2F1-AS1,MIR25,ITGAV,cytotoxicity.score,MCPCOUNTER,1,BLCA
NR2F1-AS1,MIR25,ITGAV,NK.cell,MCPCOUNTER,1,BLCA
NR2F1-AS1,MIR25,ITGAV,B.cell,MCPCOUNTER,1,BLCA
NR2F1-AS1,MIR25,ITGAV,Monocyte,MCPCOUNTER; XCELL,2,BLCA
NR2F1-AS1,MIR25,ITGAV,Endothelial.cell,MCPCOUNTER,1,BLCA
NR2F1-AS1,MIR25,ITGAV,Cancer.associated.fibroblast,MCPCOUNTER; XCELL; EPIC,3,BLCA
NR2F1-AS1,MIR25,ITGAV,Eosinophil,XCELL,1,BLCA
NR2F1-AS1,MIR25,ITGAV,immune.score,XCELL,1,BLCA
NR2F1-AS1,MIR25,ITGAV,stroma.score,XCELL,1,BLCA
NR2F1-AS1,MIR25,ITGAV,microenvironment.score,XCELL,1,BLCA
NR2F1-AS1,MIR25,NRAS,T.cell.CD8.,TIMER; CIBERSORT.ABS; QUANTISEQ; MCPCOUNTER,4,BLCA
NR2F1-AS1,MIR25,NRAS,Neutrophil,TIMER; CIBERSORT; CIBERSORT.ABS,3,BLCA
NR2F1-AS1,MIR25,NRAS,Macrophage,TIMER; XCELL; EPIC,3,BLCA
NR2F1-AS1,MIR25,NRAS,Myeloid.dendritic.cell,TIMER; QUANTISEQ; MCPCOUNTER,3,BLCA
NR2F1-AS1,MIR25,NRAS,T.cell.regulatory..Tregs.,CIBERSORT; QUANTISEQ,2,BLCA
NR2F1-AS1,MIR25,NRAS,cytotoxicity.score,MCPCOUNTER,1,BLCA
NR2F1-AS1,MIR25,NRAS,NK.cell,MCPCOUNTER,1,BLCA
NR2F1-AS1,MIR25,NRAS,Monocyte,MCPCOUNTER,1,BLCA
NR2F1-AS1,MIR25,NRAS,Cancer.associated.fibroblast,MCPCOUNTER; XCELL; EPIC,3,BLCA
NR2F1-AS1,MIR25,NRAS,Endothelial.cell,XCELL; EPIC,2,BLCA
NR2F1-AS1,MIR25,NRAS,Eosinophil,XCELL,1,BLCA
NR2F1-AS1,MIR25,NRAS,stroma.score,XCELL,1,BLCA
NR2F1-AS1,MIR25,OSMR,T.cell.CD8.,TIMER; CIBERSORT.ABS; QUANTISEQ; MCPCOUNTER,4,BLCA
NR2F1-AS1,MIR25,OSMR,Neutrophil,TIMER; CIBERSORT; CIBERSORT.ABS,3,BLCA
NR2F1-AS1,MIR25,OSMR,Macrophage,TIMER; XCELL; EPIC,3,BLCA
NR2F1-AS1,MIR25,OSMR,Myeloid.dendritic.cell,TIMER; QUANTISEQ; MCPCOUNTER; XCELL,4,BLCA
NR2F1-AS1,MIR25,OSMR,T.cell.regulatory..Tregs.,CIBERSORT; QUANTISEQ,2,BLCA
NR2F1-AS1,MIR25,OSMR,cytotoxicity.score,MCPCOUNTER,1,BLCA
NR2F1-AS1,MIR25,OSMR,NK.cell,MCPCOUNTER,1,BLCA
NR2F1-AS1,MIR25,OSMR,B.cell,MCPCOUNTER; EPIC,2,BLCA
NR2F1-AS1,MIR25,OSMR,Monocyte,MCPCOUNTER; XCELL,2,BLCA
NR2F1-AS1,MIR25,OSMR,Endothelial.cell,MCPCOUNTER,1,BLCA
NR2F1-AS1,MIR25,OSMR,Cancer.associated.fibroblast,MCPCOUNTER; XCELL; EPIC,3,BLCA
NR2F1-AS1,MIR25,OSMR,Eosinophil,XCELL,1,BLCA
NR2F1-AS1,MIR25,OSMR,immune.score,XCELL,1,BLCA
NR2F1-AS1,MIR25,OSMR,stroma.score,XCELL,1,BLCA
NR2F1-AS1,MIR25,OSMR,microenvironment.score,XCELL,1,BLCA
NR2F1-AS1,MIR25,PDGFRL,T.cell.CD8.,TIMER; CIBERSORT.ABS; QUANTISEQ; MCPCOUNTER,4,BLCA
NR2F1-AS1,MIR25,PDGFRL,Neutrophil,TIMER; CIBERSORT; CIBERSORT.ABS,3,BLCA
NR2F1-AS1,MIR25,PDGFRL,Macrophage,TIMER; XCELL; EPIC,3,BLCA
NR2F1-AS1,MIR25,PDGFRL,Myeloid.dendritic.cell,TIMER; MCPCOUNTER; XCELL,3,BLCA
NR2F1-AS1,MIR25,PDGFRL,NK.cell,QUANTISEQ; MCPCOUNTER,2,BLCA
NR2F1-AS1,MIR25,PDGFRL,T.cell.regulatory..Tregs.,QUANTISEQ,1,BLCA
NR2F1-AS1,MIR25,PDGFRL,cytotoxicity.score,MCPCOUNTER,1,BLCA
NR2F1-AS1,MIR25,PDGFRL,B.cell,MCPCOUNTER; EPIC,2,BLCA
NR2F1-AS1,MIR25,PDGFRL,Monocyte,MCPCOUNTER; XCELL,2,BLCA
NR2F1-AS1,MIR25,PDGFRL,Endothelial.cell,MCPCOUNTER; XCELL; EPIC,3,BLCA
NR2F1-AS1,MIR25,PDGFRL,Cancer.associated.fibroblast,MCPCOUNTER; XCELL; EPIC,3,BLCA
NR2F1-AS1,MIR25,PDGFRL,immune.score,XCELL,1,BLCA
NR2F1-AS1,MIR25,PDGFRL,stroma.score,XCELL,1,BLCA
NR2F1-AS1,MIR25,PDGFRL,microenvironment.score,XCELL,1,BLCA
NR2F1-AS1,MIR25,TLR3,T.cell.CD8.,TIMER; CIBERSORT.ABS; QUANTISEQ; MCPCOUNTER,4,BLCA
NR2F1-AS1,MIR25,TLR3,Neutrophil,TIMER; CIBERSORT; CIBERSORT.ABS,3,BLCA
NR2F1-AS1,MIR25,TLR3,Myeloid.dendritic.cell,TIMER; MCPCOUNTER; XCELL,3,BLCA
NR2F1-AS1,MIR25,TLR3,T.cell.regulatory..Tregs.,CIBERSORT; QUANTISEQ,2,BLCA
NR2F1-AS1,MIR25,TLR3,NK.cell,QUANTISEQ; MCPCOUNTER,2,BLCA
NR2F1-AS1,MIR25,TLR3,cytotoxicity.score,MCPCOUNTER,1,BLCA
NR2F1-AS1,MIR25,TLR3,B.cell,MCPCOUNTER,1,BLCA
NR2F1-AS1,MIR25,TLR3,Monocyte,MCPCOUNTER; XCELL,2,BLCA
NR2F1-AS1,MIR25,TLR3,Endothelial.cell,XCELL,1,BLCA
NR2F1-AS1,MIR25,TLR3,Eosinophil,XCELL,1,BLCA
NR2F1-AS1,MIR25,TLR3,Macrophage,XCELL,1,BLCA
NR2F1-AS1,MIR25,TLR3,immune.score,XCELL,1,BLCA
NR2F1-AS1,MIR25,TLR3,microenvironment.score,XCELL,1,BLCA
NR2F1-AS1,MIR25,UBR1,T.cell.CD8.,TIMER; MCPCOUNTER,2,BLCA
NR2F1-AS1,MIR25,UBR1,Neutrophil,TIMER; CIBERSORT; CIBERSORT.ABS,3,BLCA
NR2F1-AS1,MIR25,UBR1,Macrophage,TIMER,1,BLCA
NR2F1-AS1,MIR25,UBR1,Myeloid.dendritic.cell,TIMER; MCPCOUNTER,2,BLCA
NR2F1-AS1,MIR25,UBR1,T.cell.regulatory..Tregs.,CIBERSORT; QUANTISEQ,2,BLCA
NR2F1-AS1,MIR25,UBR1,NK.cell,MCPCOUNTER,1,BLCA
NR2F1-AS1,MIR25,UBR1,B.cell,MCPCOUNTER; EPIC,2,BLCA
NR2F1-AS1,MIR25,UBR1,Monocyte,MCPCOUNTER,1,BLCA
NR2F1-AS1,MIR25,UBR1,Endothelial.cell,MCPCOUNTER; EPIC,2,BLCA
NR2F1-AS1,MIR25,UBR1,Cancer.associated.fibroblast,MCPCOUNTER; XCELL; EPIC,3,BLCA
NR2F1-AS1,MIR25,UBR1,Eosinophil,XCELL,1,BLCA
SENCR,MIR210,BTK,T.cell.CD8.,TIMER; CIBERSORT.ABS; QUANTISEQ; MCPCOUNTER,4,BLCA
SENCR,MIR210,BTK,Neutrophil,TIMER,1,BLCA
SENCR,MIR210,BTK,Macrophage,TIMER; XCELL; EPIC,3,BLCA
SENCR,MIR210,BTK,Myeloid.dendritic.cell,TIMER; MCPCOUNTER; XCELL,3,BLCA
SENCR,MIR210,BTK,Monocyte,CIBERSORT.ABS; MCPCOUNTER; XCELL,3,BLCA
SENCR,MIR210,BTK,B.cell,QUANTISEQ; MCPCOUNTER; XCELL; EPIC,4,BLCA
SENCR,MIR210,BTK,T.cell.regulatory..Tregs.,QUANTISEQ,1,BLCA
SENCR,MIR210,BTK,cytotoxicity.score,MCPCOUNTER,1,BLCA
SENCR,MIR210,BTK,NK.cell,MCPCOUNTER; EPIC,2,BLCA
SENCR,MIR210,BTK,Endothelial.cell,MCPCOUNTER; XCELL; EPIC,3,BLCA
SENCR,MIR210,BTK,Cancer.associated.fibroblast,MCPCOUNTER; XCELL; EPIC,3,BLCA
SENCR,MIR210,BTK,immune.score,XCELL,1,BLCA
SENCR,MIR210,BTK,stroma.score,XCELL,1,BLCA
SENCR,MIR210,BTK,microenvironment.score,XCELL,1,BLCA
SENCR,MIR210,BTK,T.cell.CD4.,EPIC,1,BLCA
TBX5-AS1,MIR25,BMPR1A,T.cell.CD8.,TIMER,1,BLCA
TBX5-AS1,MIR25,BMPR1A,Neutrophil,TIMER,1,BLCA
TBX5-AS1,MIR25,BMPR1A,Macrophage,TIMER,1,BLCA
TBX5-AS1,MIR25,BMPR1A,Myeloid.dendritic.cell,TIMER; MCPCOUNTER; XCELL,3,BLCA
TBX5-AS1,MIR25,BMPR1A,Endothelial.cell,MCPCOUNTER; EPIC,2,BLCA
TBX5-AS1,MIR25,BMPR1A,Cancer.associated.fibroblast,MCPCOUNTER; XCELL; EPIC,3,BLCA
TBX5-AS1,MIR25,BMPR1A,Monocyte,XCELL,1,BLCA
TBX5-AS1,MIR25,BMPR1A,immune.score,XCELL,1,BLCA
TBX5-AS1,MIR25,BMPR1A,T.cell.CD4.,EPIC,1,BLCA
TBX5-AS1,MIR25,BMPR1A,NK.cell,EPIC,1,BLCA
TBX5-AS1,MIR25,C3,T.cell.CD8.,TIMER; CIBERSORT.ABS; QUANTISEQ; MCPCOUNTER,4,BLCA
TBX5-AS1,MIR25,C3,Neutrophil,TIMER,1,BLCA
TBX5-AS1,MIR25,C3,Macrophage,TIMER; XCELL; EPIC,3,BLCA
TBX5-AS1,MIR25,C3,Myeloid.dendritic.cell,TIMER; MCPCOUNTER; XCELL,3,BLCA
TBX5-AS1,MIR25,C3,T.cell.regulatory..Tregs.,QUANTISEQ,1,BLCA
TBX5-AS1,MIR25,C3,cytotoxicity.score,MCPCOUNTER,1,BLCA
TBX5-AS1,MIR25,C3,NK.cell,MCPCOUNTER; EPIC,2,BLCA
TBX5-AS1,MIR25,C3,B.cell,MCPCOUNTER; EPIC,2,BLCA
TBX5-AS1,MIR25,C3,Monocyte,MCPCOUNTER; XCELL,2,BLCA
TBX5-AS1,MIR25,C3,Endothelial.cell,MCPCOUNTER; XCELL; EPIC,3,BLCA
TBX5-AS1,MIR25,C3,Cancer.associated.fibroblast,MCPCOUNTER; XCELL; EPIC,3,BLCA
TBX5-AS1,MIR25,C3,immune.score,XCELL,1,BLCA
TBX5-AS1,MIR25,C3,stroma.score,XCELL,1,BLCA
TBX5-AS1,MIR25,C3,microenvironment.score,XCELL,1,BLCA
TBX5-AS1,MIR25,C3,T.cell.CD4.,EPIC,1,BLCA
TBX5-AS1,MIR25,CCL26,T.cell.CD8.,TIMER; CIBERSORT.ABS; QUANTISEQ; MCPCOUNTER,4,BLCA
TBX5-AS1,MIR25,CCL26,Neutrophil,TIMER,1,BLCA
TBX5-AS1,MIR25,CCL26,Macrophage,TIMER; XCELL; EPIC,3,BLCA
TBX5-AS1,MIR25,CCL26,Myeloid.dendritic.cell,TIMER; MCPCOUNTER; XCELL,3,BLCA
TBX5-AS1,MIR25,CCL26,T.cell.regulatory..Tregs.,QUANTISEQ,1,BLCA
TBX5-AS1,MIR25,CCL26,cytotoxicity.score,MCPCOUNTER,1,BLCA
TBX5-AS1,MIR25,CCL26,NK.cell,MCPCOUNTER; EPIC,2,BLCA
TBX5-AS1,MIR25,CCL26,B.cell,MCPCOUNTER; EPIC,2,BLCA
TBX5-AS1,MIR25,CCL26,Monocyte,MCPCOUNTER; XCELL,2,BLCA
TBX5-AS1,MIR25,CCL26,Endothelial.cell,MCPCOUNTER; XCELL,2,BLCA
TBX5-AS1,MIR25,CCL26,Cancer.associated.fibroblast,MCPCOUNTER; XCELL; EPIC,3,BLCA
TBX5-AS1,MIR25,CCL26,immune.score,XCELL,1,BLCA
TBX5-AS1,MIR25,CCL26,stroma.score,XCELL,1,BLCA
TBX5-AS1,MIR25,CCL26,microenvironment.score,XCELL,1,BLCA
TBX5-AS1,MIR25,CCL26,T.cell.CD4.,EPIC,1,BLCA
TBX5-AS1,MIR25,CCR4,T.cell.CD8.,TIMER; CIBERSORT.ABS; QUANTISEQ; MCPCOUNTER,4,BLCA
TBX5-AS1,MIR25,CCR4,Neutrophil,TIMER,1,BLCA
TBX5-AS1,MIR25,CCR4,Macrophage,TIMER; XCELL; EPIC,3,BLCA
TBX5-AS1,MIR25,CCR4,Myeloid.dendritic.cell,TIMER; MCPCOUNTER; XCELL,3,BLCA
TBX5-AS1,MIR25,CCR4,T.cell.regulatory..Tregs.,QUANTISEQ,1,BLCA
TBX5-AS1,MIR25,CCR4,cytotoxicity.score,MCPCOUNTER,1,BLCA
TBX5-AS1,MIR25,CCR4,NK.cell,MCPCOUNTER; EPIC,2,BLCA
TBX5-AS1,MIR25,CCR4,B.cell,MCPCOUNTER; EPIC,2,BLCA
TBX5-AS1,MIR25,CCR4,Monocyte,MCPCOUNTER; XCELL,2,BLCA
TBX5-AS1,MIR25,CCR4,Endothelial.cell,MCPCOUNTER; XCELL; EPIC,3,BLCA
TBX5-AS1,MIR25,CCR4,Cancer.associated.fibroblast,MCPCOUNTER; XCELL; EPIC,3,BLCA
TBX5-AS1,MIR25,CCR4,immune.score,XCELL,1,BLCA
TBX5-AS1,MIR25,CCR4,stroma.score,XCELL,1,BLCA
TBX5-AS1,MIR25,CCR4,microenvironment.score,XCELL,1,BLCA
TBX5-AS1,MIR25,ENG,T.cell.CD8.,TIMER; CIBERSORT.ABS; QUANTISEQ; MCPCOUNTER,4,BLCA
TBX5-AS1,MIR25,ENG,Neutrophil,TIMER,1,BLCA
TBX5-AS1,MIR25,ENG,Macrophage,TIMER; XCELL; EPIC,3,BLCA
TBX5-AS1,MIR25,ENG,Myeloid.dendritic.cell,TIMER; MCPCOUNTER; XCELL,3,BLCA
TBX5-AS1,MIR25,ENG,T.cell.regulatory..Tregs.,QUANTISEQ,1,BLCA
TBX5-AS1,MIR25,ENG,cytotoxicity.score,MCPCOUNTER,1,BLCA
TBX5-AS1,MIR25,ENG,NK.cell,MCPCOUNTER; EPIC,2,BLCA
TBX5-AS1,MIR25,ENG,B.cell,MCPCOUNTER; EPIC,2,BLCA
TBX5-AS1,MIR25,ENG,Monocyte,MCPCOUNTER; XCELL,2,BLCA
TBX5-AS1,MIR25,ENG,Endothelial.cell,MCPCOUNTER; XCELL; EPIC,3,BLCA
TBX5-AS1,MIR25,ENG,Cancer.associated.fibroblast,MCPCOUNTER; XCELL; EPIC,3,BLCA
TBX5-AS1,MIR25,ENG,immune.score,XCELL,1,BLCA
TBX5-AS1,MIR25,ENG,stroma.score,XCELL,1,BLCA
TBX5-AS1,MIR25,ENG,microenvironment.score,XCELL,1,BLCA
TBX5-AS1,MIR25,ENG,T.cell.CD4.,EPIC,1,BLCA
TBX5-AS1,MIR25,FGF2,T.cell.CD8.,TIMER; CIBERSORT.ABS; QUANTISEQ; MCPCOUNTER,4,BLCA
TBX5-AS1,MIR25,FGF2,Neutrophil,TIMER,1,BLCA
TBX5-AS1,MIR25,FGF2,Macrophage,TIMER; XCELL; EPIC,3,BLCA
TBX5-AS1,MIR25,FGF2,Myeloid.dendritic.cell,TIMER; MCPCOUNTER; XCELL,3,BLCA
TBX5-AS1,MIR25,FGF2,T.cell.regulatory..Tregs.,QUANTISEQ,1,BLCA
TBX5-AS1,MIR25,FGF2,cytotoxicity.score,MCPCOUNTER,1,BLCA
TBX5-AS1,MIR25,FGF2,NK.cell,MCPCOUNTER; EPIC,2,BLCA
TBX5-AS1,MIR25,FGF2,B.cell,MCPCOUNTER; EPIC,2,BLCA
TBX5-AS1,MIR25,FGF2,Monocyte,MCPCOUNTER; XCELL,2,BLCA
TBX5-AS1,MIR25,FGF2,Endothelial.cell,MCPCOUNTER; XCELL; EPIC,3,BLCA
TBX5-AS1,MIR25,FGF2,Cancer.associated.fibroblast,MCPCOUNTER; XCELL; EPIC,3,BLCA
TBX5-AS1,MIR25,FGF2,immune.score,XCELL,1,BLCA
TBX5-AS1,MIR25,FGF2,stroma.score,XCELL,1,BLCA
TBX5-AS1,MIR25,FGF2,microenvironment.score,XCELL,1,BLCA
TBX5-AS1,MIR25,FGF2,T.cell.CD4.,EPIC,1,BLCA
TBX5-AS1,MIR25,IL6ST,T.cell.CD8.,TIMER; CIBERSORT.ABS; QUANTISEQ; MCPCOUNTER,4,BLCA
TBX5-AS1,MIR25,IL6ST,Neutrophil,TIMER,1,BLCA
TBX5-AS1,MIR25,IL6ST,Macrophage,TIMER; XCELL; EPIC,3,BLCA
TBX5-AS1,MIR25,IL6ST,Myeloid.dendritic.cell,TIMER; MCPCOUNTER; XCELL,3,BLCA
TBX5-AS1,MIR25,IL6ST,T.cell.regulatory..Tregs.,QUANTISEQ,1,BLCA
TBX5-AS1,MIR25,IL6ST,cytotoxicity.score,MCPCOUNTER,1,BLCA
TBX5-AS1,MIR25,IL6ST,NK.cell,MCPCOUNTER; EPIC,2,BLCA
TBX5-AS1,MIR25,IL6ST,B.cell,MCPCOUNTER; EPIC,2,BLCA
TBX5-AS1,MIR25,IL6ST,Monocyte,MCPCOUNTER; XCELL,2,BLCA
TBX5-AS1,MIR25,IL6ST,Endothelial.cell,MCPCOUNTER; XCELL; EPIC,3,BLCA
TBX5-AS1,MIR25,IL6ST,Cancer.associated.fibroblast,MCPCOUNTER; XCELL; EPIC,3,BLCA
TBX5-AS1,MIR25,IL6ST,immune.score,XCELL,1,BLCA
TBX5-AS1,MIR25,IL6ST,stroma.score,XCELL,1,BLCA
TBX5-AS1,MIR25,IL6ST,microenvironment.score,XCELL,1,BLCA
TBX5-AS1,MIR25,ITGAV,T.cell.CD8.,TIMER; CIBERSORT.ABS; MCPCOUNTER,3,BLCA
TBX5-AS1,MIR25,ITGAV,Neutrophil,TIMER,1,BLCA
TBX5-AS1,MIR25,ITGAV,Macrophage,TIMER; XCELL; EPIC,3,BLCA
TBX5-AS1,MIR25,ITGAV,Myeloid.dendritic.cell,TIMER; MCPCOUNTER; XCELL,3,BLCA
TBX5-AS1,MIR25,ITGAV,T.cell.regulatory..Tregs.,QUANTISEQ,1,BLCA
TBX5-AS1,MIR25,ITGAV,cytotoxicity.score,MCPCOUNTER,1,BLCA
TBX5-AS1,MIR25,ITGAV,NK.cell,MCPCOUNTER; EPIC,2,BLCA
TBX5-AS1,MIR25,ITGAV,B.cell,MCPCOUNTER,1,BLCA
TBX5-AS1,MIR25,ITGAV,Monocyte,MCPCOUNTER; XCELL,2,BLCA
TBX5-AS1,MIR25,ITGAV,Endothelial.cell,MCPCOUNTER,1,BLCA
TBX5-AS1,MIR25,ITGAV,Cancer.associated.fibroblast,MCPCOUNTER; XCELL; EPIC,3,BLCA
TBX5-AS1,MIR25,ITGAV,immune.score,XCELL,1,BLCA
TBX5-AS1,MIR25,ITGAV,stroma.score,XCELL,1,BLCA
TBX5-AS1,MIR25,ITGAV,microenvironment.score,XCELL,1,BLCA
TBX5-AS1,MIR25,OSMR,T.cell.CD8.,TIMER; CIBERSORT.ABS; QUANTISEQ; MCPCOUNTER,4,BLCA
TBX5-AS1,MIR25,OSMR,Neutrophil,TIMER,1,BLCA
TBX5-AS1,MIR25,OSMR,Macrophage,TIMER; XCELL; EPIC,3,BLCA
TBX5-AS1,MIR25,OSMR,Myeloid.dendritic.cell,TIMER; MCPCOUNTER; XCELL,3,BLCA
TBX5-AS1,MIR25,OSMR,T.cell.regulatory..Tregs.,QUANTISEQ,1,BLCA
TBX5-AS1,MIR25,OSMR,cytotoxicity.score,MCPCOUNTER,1,BLCA
TBX5-AS1,MIR25,OSMR,NK.cell,MCPCOUNTER; EPIC,2,BLCA
TBX5-AS1,MIR25,OSMR,B.cell,MCPCOUNTER; EPIC,2,BLCA
TBX5-AS1,MIR25,OSMR,Monocyte,MCPCOUNTER; XCELL,2,BLCA
TBX5-AS1,MIR25,OSMR,Endothelial.cell,MCPCOUNTER,1,BLCA
TBX5-AS1,MIR25,OSMR,Cancer.associated.fibroblast,MCPCOUNTER; XCELL; EPIC,3,BLCA
TBX5-AS1,MIR25,OSMR,immune.score,XCELL,1,BLCA
TBX5-AS1,MIR25,OSMR,stroma.score,XCELL,1,BLCA
TBX5-AS1,MIR25,OSMR,microenvironment.score,XCELL,1,BLCA
TBX5-AS1,MIR25,OSMR,T.cell.CD4.,EPIC,1,BLCA
TBX5-AS1,MIR25,PDGFRL,T.cell.CD8.,TIMER; CIBERSORT.ABS; QUANTISEQ; MCPCOUNTER,4,BLCA
TBX5-AS1,MIR25,PDGFRL,Neutrophil,TIMER,1,BLCA
TBX5-AS1,MIR25,PDGFRL,Macrophage,TIMER; XCELL; EPIC,3,BLCA
TBX5-AS1,MIR25,PDGFRL,Myeloid.dendritic.cell,TIMER; MCPCOUNTER; XCELL,3,BLCA
TBX5-AS1,MIR25,PDGFRL,T.cell.regulatory..Tregs.,QUANTISEQ,1,BLCA
TBX5-AS1,MIR25,PDGFRL,cytotoxicity.score,MCPCOUNTER,1,BLCA
TBX5-AS1,MIR25,PDGFRL,NK.cell,MCPCOUNTER; EPIC,2,BLCA
TBX5-AS1,MIR25,PDGFRL,B.cell,MCPCOUNTER; EPIC,2,BLCA
TBX5-AS1,MIR25,PDGFRL,Monocyte,MCPCOUNTER; XCELL,2,BLCA
TBX5-AS1,MIR25,PDGFRL,Endothelial.cell,MCPCOUNTER; XCELL; EPIC,3,BLCA
TBX5-AS1,MIR25,PDGFRL,Cancer.associated.fibroblast,MCPCOUNTER; XCELL; EPIC,3,BLCA
TBX5-AS1,MIR25,PDGFRL,immune.score,XCELL,1,BLCA
TBX5-AS1,MIR25,PDGFRL,stroma.score,XCELL,1,BLCA
TBX5-AS1,MIR25,PDGFRL,microenvironment.score,XCELL,1,BLCA
TBX5-AS1,MIR25,PDGFRL,T.cell.CD4.,EPIC,1,BLCA
TBX5-AS1,MIR25,UBR1,T.cell.CD8.,TIMER; MCPCOUNTER,2,BLCA
TBX5-AS1,MIR25,UBR1,Neutrophil,TIMER,1,BLCA
TBX5-AS1,MIR25,UBR1,Macrophage,TIMER,1,BLCA
TBX5-AS1,MIR25,UBR1,Myeloid.dendritic.cell,TIMER; MCPCOUNTER,2,BLCA
TBX5-AS1,MIR25,UBR1,T.cell.regulatory..Tregs.,QUANTISEQ,1,BLCA
TBX5-AS1,MIR25,UBR1,NK.cell,MCPCOUNTER; EPIC,2,BLCA
TBX5-AS1,MIR25,UBR1,B.cell,MCPCOUNTER; EPIC,2,BLCA
TBX5-AS1,MIR25,UBR1,Monocyte,MCPCOUNTER,1,BLCA
TBX5-AS1,MIR25,UBR1,Endothelial.cell,MCPCOUNTER; EPIC,2,BLCA
TBX5-AS1,MIR25,UBR1,Cancer.associated.fibroblast,MCPCOUNTER; XCELL; EPIC,3,BLCA
TBX5-AS1,MIR25,UBR1,T.cell.CD4.,EPIC,1,BLCA
